{"file_hashes":[{"block_hashes":["Uj519Nb1H0IvOeCx9hqlbvW9/F+oeLq9g8hM3pyBh+s="],"block_size":4096,"path":"background.js"},{"block_hashes":["52tVj7IdXwxp0NuHuc1fotv5l4Jwasi7Rx9TfJgmm1M="],"block_size":4096,"path":"icon.png"},{"block_hashes":["6rvVun/AxEi8jCrEJ0/7p+c7SbsIo3gj1llkkx9dyXM="],"block_size":4096,"path":"options.html"},{"block_hashes":["17h4X4srTsV1rHKWl209cSpuezQhvfR85WfEqnp6FSI=","oyYsWhhd+XkcD8rsrgJiVqVoFH+oQuYHJPA7Tx2MVjw="],"block_size":4096,"path":"options.js"},{"block_hashes":["G90ASH5i0CNxz3PzLKK4goGU64d4SDexG0EUlQ5rwro="],"block_size":4096,"path":"readme.md"}],"version":2}